{
  "schema_version": 1,
  "created_at_utc": "2026-03-06T15:37:23.169069+00:00",
  "baseline_report": "C:\\sources\\Overlap_adaptfx\\benchmarks\\reports\\master_baseline_20260306T131316Z.json",
  "candidate_report": "C:\\sources\\Overlap_adaptfx\\benchmarks\\reports\\stage_a_smoke_20260306T153146Z.json",
  "summary": {
    "compared_case_count": 5,
    "delta_benefit_stats": {
      "count": 5,
      "min": -18.633812500000005,
      "max": 0.0,
      "mean": -3.8883125000000005,
      "median": 0.0,
      "p05": -15.068600000000004,
      "p95": 0.0
    },
    "improved_count": 0,
    "improved_fraction": 0.0,
    "severe_disadvantage_threshold": -1.0,
    "severe_disadvantage_count": 1,
    "severe_disadvantage_fraction": 0.2,
    "runtime_sec": {
      "baseline_total": 1.1979618999175727,
      "candidate_total": 18.228723200038075,
      "candidate_over_baseline": 15.216446534144637,
      "baseline_case_runtime_stats": {
        "count": 5,
        "min": 0.018627099925652146,
        "max": 0.022367200115695596,
        "mean": 0.019714460009709,
        "median": 0.019039300037547946,
        "p05": 0.018664339929819106,
        "p95": 0.02183884009718895
      },
      "candidate_case_runtime_stats": {
        "count": 5,
        "min": 3.578535499982536,
        "max": 3.7105082999914885,
        "mean": 3.6453053599689156,
        "median": 3.6595144998282194,
        "p05": 3.585735059995204,
        "p95": 3.701093679992482
      }
    },
    "gap_to_ideal": {
      "old_gap_stats": {
        "count": 5,
        "min": 0.2687500000000007,
        "max": 5.444250000000011,
        "mean": 1.9838750000000034,
        "median": 0.7640624999999979,
        "p05": 0.2763875000000013,
        "p95": 4.982475000000009
      },
      "new_gap_stats": {
        "count": 5,
        "min": 0.2687500000000007,
        "max": 24.078062500000016,
        "mean": 5.872187500000004,
        "median": 0.7640624999999979,
        "p05": 0.2763875000000013,
        "p95": 20.05107500000001
      },
      "gap_closure_stats": {
        "count": 5,
        "min": -3.4226592276254704,
        "max": 0.0,
        "mean": -0.7360567827335618,
        "median": 0.0,
        "p05": -2.789652319308844,
        "p95": 0.0
      }
    }
  },
  "per_case": [
    {
      "case_id": "1",
      "patient_number": 1,
      "old_benefit": 1.360097499999993,
      "new_benefit": 1.360097499999993,
      "delta_benefit": 0.0,
      "ideal_benefit": 2.124159999999991,
      "old_gap_to_ideal": 0.7640624999999979,
      "new_gap_to_ideal": 0.7640624999999979,
      "gap_closure_normalized": 0.0,
      "baseline_runtime_sec": 0.022367200115695596,
      "candidate_runtime_sec": 3.7105082999914885
    },
    {
      "case_id": "2",
      "patient_number": 2,
      "old_benefit": 3.0437099999999866,
      "new_benefit": 3.0437099999999866,
      "delta_benefit": 0.0,
      "ideal_benefit": 3.3124599999999873,
      "old_gap_to_ideal": 0.2687500000000007,
      "new_gap_to_ideal": 0.2687500000000007,
      "gap_closure_normalized": 0.0,
      "baseline_runtime_sec": 0.019725400023162365,
      "candidate_runtime_sec": 3.6145333000458777
    },
    {
      "case_id": "3",
      "patient_number": 3,
      "old_benefit": 15.68180249999996,
      "new_benefit": 15.68180249999996,
      "delta_benefit": 0.0,
      "ideal_benefit": 15.988739999999964,
      "old_gap_to_ideal": 0.30693750000000364,
      "new_gap_to_ideal": 0.30693750000000364,
      "gap_closure_normalized": 0.0,
      "baseline_runtime_sec": 0.019039300037547946,
      "candidate_runtime_sec": 3.578535499982536
    },
    {
      "case_id": "4",
      "patient_number": 4,
      "old_benefit": -0.9532200000000444,
      "new_benefit": -1.760970000000043,
      "delta_benefit": -0.8077499999999986,
      "ideal_benefit": 2.182154999999959,
      "old_gap_to_ideal": 3.1353750000000034,
      "new_gap_to_ideal": 3.943125000000002,
      "gap_closure_normalized": -0.25762468604233874,
      "baseline_runtime_sec": 0.018627099925652146,
      "candidate_runtime_sec": 3.6595144998282194
    },
    {
      "case_id": "5",
      "patient_number": 5,
      "old_benefit": -1.4604575000000466,
      "new_benefit": -20.09427000000005,
      "delta_benefit": -18.633812500000005,
      "ideal_benefit": 3.9837924999999643,
      "old_gap_to_ideal": 5.444250000000011,
      "new_gap_to_ideal": 24.078062500000016,
      "gap_closure_normalized": -3.4226592276254704,
      "baseline_runtime_sec": 0.01881329994648695,
      "candidate_runtime_sec": 3.6634351999964565
    }
  ]
}