{
  "schema_version": 1,
  "created_at_utc": "2026-03-21T09:21:44.081088+00:00",
  "baseline_report": "C:\\sources\\Overlap_adaptfx\\benchmarks\\reports\\master_baseline_20260306T131316Z.json",
  "candidate_report": "C:\\sources\\Overlap_adaptfx\\benchmarks\\reports\\stage_b_nig_smoke5_20260321T092056Z.json",
  "summary": {
    "compared_case_count": 5,
    "delta_benefit_stats": {
      "count": 5,
      "min": -2.9522499999999994,
      "max": 0.031062500000004434,
      "mean": -0.8967624999999991,
      "median": 0.0,
      "p05": -2.6743249999999996,
      "p95": 0.024850000000003543
    },
    "improved_count": 1,
    "improved_fraction": 0.2,
    "severe_disadvantage_threshold": -1.0,
    "severe_disadvantage_count": 2,
    "severe_disadvantage_fraction": 0.4,
    "runtime_sec": {
      "baseline_total": 1.1979618999175727,
      "candidate_total": 42.354822099994635,
      "candidate_over_baseline": 35.355733853396266,
      "baseline_case_runtime_stats": {
        "count": 5,
        "min": 0.018627099925652146,
        "max": 0.022367200115695596,
        "mean": 0.019714460009709,
        "median": 0.019039300037547946,
        "p05": 0.018664339929819106,
        "p95": 0.02183884009718895
      },
      "candidate_case_runtime_stats": {
        "count": 5,
        "min": 6.924027999979444,
        "max": 14.298331199999666,
        "mean": 8.470144879992585,
        "median": 7.020857600000454,
        "p05": 6.941022479982348,
        "p95": 12.85836639999761
      }
    },
    "gap_to_ideal": {
      "old_gap_stats": {
        "count": 5,
        "min": 0.2687500000000007,
        "max": 5.444250000000011,
        "mean": 1.9838750000000034,
        "median": 0.7640624999999979,
        "p05": 0.2763875000000013,
        "p95": 4.982475000000009
      },
      "new_gap_stats": {
        "count": 5,
        "min": 0.2687500000000007,
        "max": 5.444250000000011,
        "mean": 2.8806375000000024,
        "median": 3.104312499999999,
        "p05": 0.6803375000000003,
        "p95": 5.007237500000009
      },
      "gap_closure_stats": {
        "count": 5,
        "min": -9.6184076562817,
        "max": 0.009907108400113033,
        "mean": -2.3307307844229443,
        "median": 0.0,
        "p05": -8.103756799871988,
        "p95": 0.007925686720090424
      }
    }
  },
  "per_case": [
    {
      "case_id": "1",
      "patient_number": 1,
      "old_benefit": 1.360097499999993,
      "new_benefit": -0.20252750000000752,
      "delta_benefit": -1.5626250000000006,
      "ideal_benefit": 2.124159999999991,
      "old_gap_to_ideal": 0.7640624999999979,
      "new_gap_to_ideal": 2.3266874999999985,
      "gap_closure_normalized": -2.045153374233135,
      "baseline_runtime_sec": 0.022367200115695596,
      "candidate_runtime_sec": 14.298331199999666
    },
    {
      "case_id": "2",
      "patient_number": 2,
      "old_benefit": 3.0437099999999866,
      "new_benefit": 3.0437099999999866,
      "delta_benefit": 0.0,
      "ideal_benefit": 3.3124599999999873,
      "old_gap_to_ideal": 0.2687500000000007,
      "new_gap_to_ideal": 0.2687500000000007,
      "gap_closure_normalized": 0.0,
      "baseline_runtime_sec": 0.019725400023162365,
      "candidate_runtime_sec": 7.098507199989399
    },
    {
      "case_id": "3",
      "patient_number": 3,
      "old_benefit": 15.68180249999996,
      "new_benefit": 12.729552499999961,
      "delta_benefit": -2.9522499999999994,
      "ideal_benefit": 15.988739999999964,
      "old_gap_to_ideal": 0.30693750000000364,
      "new_gap_to_ideal": 3.259187500000003,
      "gap_closure_normalized": -9.6184076562817,
      "baseline_runtime_sec": 0.019039300037547946,
      "candidate_runtime_sec": 6.924027999979444
    },
    {
      "case_id": "4",
      "patient_number": 4,
      "old_benefit": -0.9532200000000444,
      "new_benefit": -0.9221575000000399,
      "delta_benefit": 0.031062500000004434,
      "ideal_benefit": 2.182154999999959,
      "old_gap_to_ideal": 3.1353750000000034,
      "new_gap_to_ideal": 3.104312499999999,
      "gap_closure_normalized": 0.009907108400113033,
      "baseline_runtime_sec": 0.018627099925652146,
      "candidate_runtime_sec": 7.020857600000454
    },
    {
      "case_id": "5",
      "patient_number": 5,
      "old_benefit": -1.4604575000000466,
      "new_benefit": -1.4604575000000466,
      "delta_benefit": 0.0,
      "ideal_benefit": 3.9837924999999643,
      "old_gap_to_ideal": 5.444250000000011,
      "new_gap_to_ideal": 5.444250000000011,
      "gap_closure_normalized": 0.0,
      "baseline_runtime_sec": 0.01881329994648695,
      "candidate_runtime_sec": 7.009000399993965
    }
  ]
}