{
  "schema_version": 1,
  "created_at_utc": "2026-03-06T16:08:12.607180+00:00",
  "baseline_report": "C:\\sources\\Overlap_adaptfx\\benchmarks\\reports\\master_baseline_20260306T131316Z.json",
  "candidate_report": "C:\\sources\\Overlap_adaptfx\\benchmarks\\reports\\stage_a_v2_smoke_20260306T160739Z.json",
  "summary": {
    "compared_case_count": 5,
    "delta_benefit_stats": {
      "count": 5,
      "min": -42.0793125,
      "max": 1.1644374999999911,
      "mean": -8.182975000000003,
      "median": 0.0,
      "p05": -33.66345,
      "p95": 0.9315499999999927
    },
    "improved_count": 1,
    "improved_fraction": 0.2,
    "severe_disadvantage_threshold": -1.0,
    "severe_disadvantage_count": 1,
    "severe_disadvantage_fraction": 0.2,
    "runtime_sec": {
      "baseline_total": 1.1979618999175727,
      "candidate_total": 24.5978957999032,
      "candidate_over_baseline": 20.533120295057536,
      "baseline_case_runtime_stats": {
        "count": 5,
        "min": 0.018627099925652146,
        "max": 0.022367200115695596,
        "mean": 0.019714460009709,
        "median": 0.019039300037547946,
        "p05": 0.018664339929819106,
        "p95": 0.02183884009718895
      },
      "candidate_case_runtime_stats": {
        "count": 5,
        "min": 4.773386899847537,
        "max": 5.075935699976981,
        "mean": 4.918964819936082,
        "median": 4.871766799828038,
        "p05": 4.788701779861003,
        "p95": 5.0655032400041815
      }
    },
    "gap_to_ideal": {
      "old_gap_stats": {
        "count": 5,
        "min": 0.2687500000000007,
        "max": 5.444250000000011,
        "mean": 1.9838750000000034,
        "median": 0.7640624999999979,
        "p05": 0.2763875000000013,
        "p95": 4.982475000000009
      },
      "new_gap_stats": {
        "count": 5,
        "min": 0.2687500000000007,
        "max": 42.386250000000004,
        "mean": 10.166850000000005,
        "median": 1.9709375000000122,
        "p05": 0.36781250000000015,
        "p95": 34.99785
      },
      "gap_closure_stats": {
        "count": 5,
        "min": -137.09407452657138,
        "max": 0.3713869951760124,
        "mean": -27.344537506279075,
        "median": 0.0,
        "p05": -109.6752596212571,
        "p95": 0.2971095961408099
      }
    }
  },
  "per_case": [
    {
      "case_id": "1",
      "patient_number": 1,
      "old_benefit": 1.360097499999993,
      "new_benefit": 1.360097499999993,
      "delta_benefit": 0.0,
      "ideal_benefit": 2.124159999999991,
      "old_gap_to_ideal": 0.7640624999999979,
      "new_gap_to_ideal": 0.7640624999999979,
      "gap_closure_normalized": 0.0,
      "baseline_runtime_sec": 0.022367200115695596,
      "candidate_runtime_sec": 5.075935699976981
    },
    {
      "case_id": "2",
      "patient_number": 2,
      "old_benefit": 3.0437099999999866,
      "new_benefit": 3.0437099999999866,
      "delta_benefit": 0.0,
      "ideal_benefit": 3.3124599999999873,
      "old_gap_to_ideal": 0.2687500000000007,
      "new_gap_to_ideal": 0.2687500000000007,
      "gap_closure_normalized": 0.0,
      "baseline_runtime_sec": 0.019725400023162365,
      "candidate_runtime_sec": 4.773386899847537
    },
    {
      "case_id": "3",
      "patient_number": 3,
      "old_benefit": 15.68180249999996,
      "new_benefit": -26.39751000000004,
      "delta_benefit": -42.0793125,
      "ideal_benefit": 15.988739999999964,
      "old_gap_to_ideal": 0.30693750000000364,
      "new_gap_to_ideal": 42.386250000000004,
      "gap_closure_normalized": -137.09407452657138,
      "baseline_runtime_sec": 0.019039300037547946,
      "candidate_runtime_sec": 5.023773400112987
    },
    {
      "case_id": "4",
      "patient_number": 4,
      "old_benefit": -0.9532200000000444,
      "new_benefit": 0.21121749999994677,
      "delta_benefit": 1.1644374999999911,
      "ideal_benefit": 2.182154999999959,
      "old_gap_to_ideal": 3.1353750000000034,
      "new_gap_to_ideal": 1.9709375000000122,
      "gap_closure_normalized": 0.3713869951760124,
      "baseline_runtime_sec": 0.018627099925652146,
      "candidate_runtime_sec": 4.871766799828038
    },
    {
      "case_id": "5",
      "patient_number": 5,
      "old_benefit": -1.4604575000000466,
      "new_benefit": -1.4604575000000466,
      "delta_benefit": 0.0,
      "ideal_benefit": 3.9837924999999643,
      "old_gap_to_ideal": 5.444250000000011,
      "new_gap_to_ideal": 5.444250000000011,
      "gap_closure_normalized": 0.0,
      "baseline_runtime_sec": 0.01881329994648695,
      "candidate_runtime_sec": 4.849961299914867
    }
  ]
}